{"scope.version":"2","timeline.animationMode":"proMode","viewport.width":300,"viewport.height":250,"publish.local.location":"D:\\Projets\\_AMGEN_KYPROLIS\\BANNIERES\\GoogleWebDesigner\\Banniere_300x250_dblclic\\","publish.local.name":"Banniere_300x250_dblclic","publish.local.flatten":true,"publish.local.minify":true,"publish.local.inlineFiles":true,"publish.local.createZip":true,"publish.local.politeLoad":true,"publish.local.exportMozilla":true,"publish.local.exportWebkit":true,"publish.local.unpackGroups":true,"publish.local.addBorder":true,"publish.local.useLightBorder":false,"publish.local.borderColor":"rgba(137,137,137,1)","publish.drive.flatten":true,"publish.drive.minify":true,"publish.drive.inlineFiles":false,"publish.drive.createZip":true,"publish.drive.politeLoad":false,"publish.drive.exportMozilla":true,"publish.drive.exportWebkit":true,"publish.drive.unpackGroups":true,"publish.drive.addBorder":false,"publish.drive.useLightBorder":false,"publish.drive.borderColor":"rgba(0,0,0,1)","publish.studio.flatten":true,"publish.studio.minify":true,"publish.studio.inlineFiles":false,"publish.studio.createZip":true,"publish.studio.politeLoad":false,"publish.studio.exportMozilla":true,"publish.studio.exportWebkit":true,"publish.studio.unpackGroups":true,"publish.studio.addBorder":false,"publish.studio.useLightBorder":false,"publish.studio.borderColor":"rgba(0,0,0,1)"}